date,datatype,station,attributes,value
2010-05-01T00:00:00,HLY-TEMP-NORMAL,GHCND:USW00024233,C,487
2010-05-01T01:00:00,HLY-TEMP-NORMAL,GHCND:USW00024233,C,479
2010-05-01T02:00:00,HLY-TEMP-NORMAL,GHCND:USW00024233,C,472
2010-05-01T03:00:00,HLY-TEMP-NORMAL,GHCND:USW00024233,C,467
2010-05-01T04:00:00,HLY-TEMP-NORMAL,GHCND:USW00024233,C,463
2010-05-01T05:00:00,HLY-TEMP-NORMAL,GHCND:USW00024233,C,460
2010-05-01T06:00:00,HLY-TEMP-NORMAL,GHCND:USW00024233,C,465
2010-05-01T07:00:00,HLY-TEMP-NORMAL,GHCND:USW00024233,C,481
2010-05-01T08:00:00,HLY-TEMP-NORMAL,GHCND:USW00024233,C,498
2010-05-01T09:00:00,HLY-TEMP-NORMAL,GHCND:USW00024233,C,516
2010-05-01T10:00:00,HLY-TEMP-NORMAL,GHCND:USW00024233,C,534
2010-05-01T11:00:00,HLY-TEMP-NORMAL,GHCND:USW00024233,C,551
2010-05-01T12:00:00,HLY-TEMP-NORMAL,GHCND:USW00024233,C,566
2010-05-01T13:00:00,HLY-TEMP-NORMAL,GHCND:USW00024233,C,578
2010-05-01T14:00:00,HLY-TEMP-NORMAL,GHCND:USW00024233,C,586
2010-05-01T15:00:00,HLY-TEMP-NORMAL,GHCND:USW00024233,C,589
2010-05-01T16:00:00,HLY-TEMP-NORMAL,GHCND:USW00024233,C,587
2010-05-01T17:00:00,HLY-TEMP-NORMAL,GHCND:USW00024233,C,581
2010-05-01T18:00:00,HLY-TEMP-NORMAL,GHCND:USW00024233,C,568
2010-05-01T19:00:00,HLY-TEMP-NORMAL,GHCND:USW00024233,C,547
2010-05-01T20:00:00,HLY-TEMP-NORMAL,GHCND:USW00024233,C,527
2010-05-01T21:00:00,HLY-TEMP-NORMAL,GHCND:USW00024233,C,515
2010-05-01T22:00:00,HLY-TEMP-NORMAL,GHCND:USW00024233,C,505
2010-05-01T23:00:00,HLY-TEMP-NORMAL,GHCND:USW00024233,C,496
2010-05-02T00:00:00,HLY-TEMP-NORMAL,GHCND:USW00024233,C,488
2010-05-02T01:00:00,HLY-TEMP-NORMAL,GHCND:USW00024233,C,480
2010-05-02T02:00:00,HLY-TEMP-NORMAL,GHCND:USW00024233,C,474
2010-05-02T03:00:00,HLY-TEMP-NORMAL,GHCND:USW00024233,C,468
2010-05-02T04:00:00,HLY-TEMP-NORMAL,GHCND:USW00024233,C,464
2010-05-02T05:00:00,HLY-TEMP-NORMAL,GHCND:USW00024233,C,461
2010-05-02T06:00:00,HLY-TEMP-NORMAL,GHCND:USW00024233,C,467
2010-05-02T07:00:00,HLY-TEMP-NORMAL,GHCND:USW00024233,C,482
2010-05-02T08:00:00,HLY-TEMP-NORMAL,GHCND:USW00024233,C,499
2010-05-02T09:00:00,HLY-TEMP-NORMAL,GHCND:USW00024233,C,518
2010-05-02T10:00:00,HLY-TEMP-NORMAL,GHCND:USW00024233,C,535
2010-05-02T11:00:00,HLY-TEMP-NORMAL,GHCND:USW00024233,C,553
2010-05-02T12:00:00,HLY-TEMP-NORMAL,GHCND:USW00024233,C,567
2010-05-02T13:00:00,HLY-TEMP-NORMAL,GHCND:USW00024233,C,580
2010-05-02T14:00:00,HLY-TEMP-NORMAL,GHCND:USW00024233,C,587
2010-05-02T15:00:00,HLY-TEMP-NORMAL,GHCND:USW00024233,C,590
2010-05-02T16:00:00,HLY-TEMP-NORMAL,GHCND:USW00024233,C,589
2010-05-02T17:00:00,HLY-TEMP-NORMAL,GHCND:USW00024233,C,583
2010-05-02T18:00:00,HLY-TEMP-NORMAL,GHCND:USW00024233,C,569
2010-05-02T19:00:00,HLY-TEMP-NORMAL,GHCND:USW00024233,C,548
2010-05-02T20:00:00,HLY-TEMP-NORMAL,GHCND:USW00024233,C,528
2010-05-02T21:00:00,HLY-TEMP-NORMAL,GHCND:USW00024233,C,517
2010-05-02T22:00:00,HLY-TEMP-NORMAL,GHCND:USW00024233,C,507
2010-05-02T23:00:00,HLY-TEMP-NORMAL,GHCND:USW00024233,C,498
2010-05-03T00:00:00,HLY-TEMP-NORMAL,GHCND:USW00024233,C,490
2010-05-03T01:00:00,HLY-TEMP-NORMAL,GHCND:USW00024233,C,482
2010-05-03T02:00:00,HLY-TEMP-NORMAL,GHCND:USW00024233,C,476
2010-05-03T03:00:00,HLY-TEMP-NORMAL,GHCND:USW00024233,C,470
2010-05-03T04:00:00,HLY-TEMP-NORMAL,GHCND:USW00024233,C,466
2010-05-03T05:00:00,HLY-TEMP-NORMAL,GHCND:USW00024233,C,463
2010-05-03T06:00:00,HLY-TEMP-NORMAL,GHCND:USW00024233,C,469
2010-05-03T07:00:00,HLY-TEMP-NORMAL,GHCND:USW00024233,C,484
2010-05-03T08:00:00,HLY-TEMP-NORMAL,GHCND:USW00024233,C,501
2010-05-03T09:00:00,HLY-TEMP-NORMAL,GHCND:USW00024233,C,520
2010-05-03T10:00:00,HLY-TEMP-NORMAL,GHCND:USW00024233,C,537
2010-05-03T11:00:00,HLY-TEMP-NORMAL,GHCND:USW00024233,C,555
2010-05-03T12:00:00,HLY-TEMP-NORMAL,GHCND:USW00024233,C,569
2010-05-03T13:00:00,HLY-TEMP-NORMAL,GHCND:USW00024233,C,582
2010-05-03T14:00:00,HLY-TEMP-NORMAL,GHCND:USW00024233,C,589
2010-05-03T15:00:00,HLY-TEMP-NORMAL,GHCND:USW00024233,C,592
2010-05-03T16:00:00,HLY-TEMP-NORMAL,GHCND:USW00024233,C,591
2010-05-03T17:00:00,HLY-TEMP-NORMAL,GHCND:USW00024233,C,584
2010-05-03T18:00:00,HLY-TEMP-NORMAL,GHCND:USW00024233,C,571
2010-05-03T19:00:00,HLY-TEMP-NORMAL,GHCND:USW00024233,C,550
2010-05-03T20:00:00,HLY-TEMP-NORMAL,GHCND:USW00024233,C,530
2010-05-03T21:00:00,HLY-TEMP-NORMAL,GHCND:USW00024233,C,518
2010-05-03T22:00:00,HLY-TEMP-NORMAL,GHCND:USW00024233,C,508
2010-05-03T23:00:00,HLY-TEMP-NORMAL,GHCND:USW00024233,C,499
2010-05-04T00:00:00,HLY-TEMP-NORMAL,GHCND:USW00024233,C,491
2010-05-04T01:00:00,HLY-TEMP-NORMAL,GHCND:USW00024233,C,483
2010-05-04T02:00:00,HLY-TEMP-NORMAL,GHCND:USW00024233,C,477
2010-05-04T03:00:00,HLY-TEMP-NORMAL,GHCND:USW00024233,C,471
2010-05-04T04:00:00,HLY-TEMP-NORMAL,GHCND:USW00024233,C,467
2010-05-04T05:00:00,HLY-TEMP-NORMAL,GHCND:USW00024233,C,465
2010-05-04T06:00:00,HLY-TEMP-NORMAL,GHCND:USW00024233,C,471
2010-05-04T07:00:00,HLY-TEMP-NORMAL,GHCND:USW00024233,C,486
2010-05-04T08:00:00,HLY-TEMP-NORMAL,GHCND:USW00024233,C,503
2010-05-04T09:00:00,HLY-TEMP-NORMAL,GHCND:USW00024233,C,520
2010-05-04T10:00:00,HLY-TEMP-NORMAL,GHCND:USW00024233,C,538
2010-05-04T11:00:00,HLY-TEMP-NORMAL,GHCND:USW00024233,C,555
2010-05-04T12:00:00,HLY-TEMP-NORMAL,GHCND:USW00024233,C,570
2010-05-04T13:00:00,HLY-TEMP-NORMAL,GHCND:USW00024233,C,582
2010-05-04T14:00:00,HLY-TEMP-NORMAL,GHCND:USW00024233,C,590
2010-05-04T15:00:00,HLY-TEMP-NORMAL,GHCND:USW00024233,C,594
2010-05-04T16:00:00,HLY-TEMP-NORMAL,GHCND:USW00024233,C,592
2010-05-04T17:00:00,HLY-TEMP-NORMAL,GHCND:USW00024233,C,585
2010-05-04T18:00:00,HLY-TEMP-NORMAL,GHCND:USW00024233,C,572
2010-05-04T19:00:00,HLY-TEMP-NORMAL,GHCND:USW00024233,C,552
2010-05-04T20:00:00,HLY-TEMP-NORMAL,GHCND:USW00024233,C,531
2010-05-04T21:00:00,HLY-TEMP-NORMAL,GHCND:USW00024233,C,518
2010-05-04T22:00:00,HLY-TEMP-NORMAL,GHCND:USW00024233,C,509
2010-05-04T23:00:00,HLY-TEMP-NORMAL,GHCND:USW00024233,C,500
2010-05-05T00:00:00,HLY-TEMP-NORMAL,GHCND:USW00024233,C,492
2010-05-05T01:00:00,HLY-TEMP-NORMAL,GHCND:USW00024233,C,484
2010-05-05T02:00:00,HLY-TEMP-NORMAL,GHCND:USW00024233,C,478
2010-05-05T03:00:00,HLY-TEMP-NORMAL,GHCND:USW00024233,C,472
2010-05-05T04:00:00,HLY-TEMP-NORMAL,GHCND:USW00024233,C,468
2010-05-05T05:00:00,HLY-TEMP-NORMAL,GHCND:USW00024233,C,465
2010-05-05T06:00:00,HLY-TEMP-NORMAL,GHCND:USW00024233,C,472
2010-05-05T07:00:00,HLY-TEMP-NORMAL,GHCND:USW00024233,C,487
2010-05-05T08:00:00,HLY-TEMP-NORMAL,GHCND:USW00024233,C,504
2010-05-05T09:00:00,HLY-TEMP-NORMAL,GHCND:USW00024233,C,522
2010-05-05T10:00:00,HLY-TEMP-NORMAL,GHCND:USW00024233,C,540
2010-05-05T11:00:00,HLY-TEMP-NORMAL,GHCND:USW00024233,C,556
2010-05-05T12:00:00,HLY-TEMP-NORMAL,GHCND:USW00024233,C,571
2010-05-05T13:00:00,HLY-TEMP-NORMAL,GHCND:USW00024233,C,584
2010-05-05T14:00:00,HLY-TEMP-NORMAL,GHCND:USW00024233,C,591
2010-05-05T15:00:00,HLY-TEMP-NORMAL,GHCND:USW00024233,C,596
2010-05-05T16:00:00,HLY-TEMP-NORMAL,GHCND:USW00024233,C,595
2010-05-05T17:00:00,HLY-TEMP-NORMAL,GHCND:USW00024233,C,588
2010-05-05T18:00:00,HLY-TEMP-NORMAL,GHCND:USW00024233,C,574
2010-05-05T19:00:00,HLY-TEMP-NORMAL,GHCND:USW00024233,C,554
2010-05-05T20:00:00,HLY-TEMP-NORMAL,GHCND:USW00024233,C,533
2010-05-05T21:00:00,HLY-TEMP-NORMAL,GHCND:USW00024233,C,520
2010-05-05T22:00:00,HLY-TEMP-NORMAL,GHCND:USW00024233,C,510
2010-05-05T23:00:00,HLY-TEMP-NORMAL,GHCND:USW00024233,C,501
2010-05-06T00:00:00,HLY-TEMP-NORMAL,GHCND:USW00024233,C,493
2010-05-06T01:00:00,HLY-TEMP-NORMAL,GHCND:USW00024233,C,485
2010-05-06T02:00:00,HLY-TEMP-NORMAL,GHCND:USW00024233,C,479
2010-05-06T03:00:00,HLY-TEMP-NORMAL,GHCND:USW00024233,C,473
2010-05-06T04:00:00,HLY-TEMP-NORMAL,GHCND:USW00024233,C,469
2010-05-06T05:00:00,HLY-TEMP-NORMAL,GHCND:USW00024233,C,467
2010-05-06T06:00:00,HLY-TEMP-NORMAL,GHCND:USW00024233,C,473
2010-05-06T07:00:00,HLY-TEMP-NORMAL,GHCND:USW00024233,C,488
2010-05-06T08:00:00,HLY-TEMP-NORMAL,GHCND:USW00024233,C,505
2010-05-06T09:00:00,HLY-TEMP-NORMAL,GHCND:USW00024233,C,523
2010-05-06T10:00:00,HLY-TEMP-NORMAL,GHCND:USW00024233,C,541
2010-05-06T11:00:00,HLY-TEMP-NORMAL,GHCND:USW00024233,C,558
2010-05-06T12:00:00,HLY-TEMP-NORMAL,GHCND:USW00024233,C,573
2010-05-06T13:00:00,HLY-TEMP-NORMAL,GHCND:USW00024233,C,586
2010-05-06T14:00:00,HLY-TEMP-NORMAL,GHCND:USW00024233,C,593
2010-05-06T15:00:00,HLY-TEMP-NORMAL,GHCND:USW00024233,C,597
2010-05-06T16:00:00,HLY-TEMP-NORMAL,GHCND:USW00024233,C,596
2010-05-06T17:00:00,HLY-TEMP-NORMAL,GHCND:USW00024233,C,590
2010-05-06T18:00:00,HLY-TEMP-NORMAL,GHCND:USW00024233,C,576
2010-05-06T19:00:00,HLY-TEMP-NORMAL,GHCND:USW00024233,C,555
2010-05-06T20:00:00,HLY-TEMP-NORMAL,GHCND:USW00024233,C,534
2010-05-06T21:00:00,HLY-TEMP-NORMAL,GHCND:USW00024233,C,521
2010-05-06T22:00:00,HLY-TEMP-NORMAL,GHCND:USW00024233,C,512
2010-05-06T23:00:00,HLY-TEMP-NORMAL,GHCND:USW00024233,C,503
2010-05-07T00:00:00,HLY-TEMP-NORMAL,GHCND:USW00024233,C,495
2010-05-07T01:00:00,HLY-TEMP-NORMAL,GHCND:USW00024233,C,487
2010-05-07T02:00:00,HLY-TEMP-NORMAL,GHCND:USW00024233,C,481
2010-05-07T03:00:00,HLY-TEMP-NORMAL,GHCND:USW00024233,C,475
2010-05-07T04:00:00,HLY-TEMP-NORMAL,GHCND:USW00024233,C,471
2010-05-07T05:00:00,HLY-TEMP-NORMAL,GHCND:USW00024233,C,469
2010-05-07T06:00:00,HLY-TEMP-NORMAL,GHCND:USW00024233,C,475
2010-05-07T07:00:00,HLY-TEMP-NORMAL,GHCND:USW00024233,C,490
2010-05-07T08:00:00,HLY-TEMP-NORMAL,GHCND:USW00024233,C,507
2010-05-07T09:00:00,HLY-TEMP-NORMAL,GHCND:USW00024233,C,525
2010-05-07T10:00:00,HLY-TEMP-NORMAL,GHCND:USW00024233,C,543
2010-05-07T11:00:00,HLY-TEMP-NORMAL,GHCND:USW00024233,C,559
2010-05-07T12:00:00,HLY-TEMP-NORMAL,GHCND:USW00024233,C,574
2010-05-07T13:00:00,HLY-TEMP-NORMAL,GHCND:USW00024233,C,587
2010-05-07T14:00:00,HLY-TEMP-NORMAL,GHCND:USW00024233,C,595
2010-05-07T15:00:00,HLY-TEMP-NORMAL,GHCND:USW00024233,C,600
2010-05-07T16:00:00,HLY-TEMP-NORMAL,GHCND:USW00024233,C,599
2010-05-07T17:00:00,HLY-TEMP-NORMAL,GHCND:USW00024233,C,592
2010-05-07T18:00:00,HLY-TEMP-NORMAL,GHCND:USW00024233,C,578
2010-05-07T19:00:00,HLY-TEMP-NORMAL,GHCND:USW00024233,C,558
2010-05-07T20:00:00,HLY-TEMP-NORMAL,GHCND:USW00024233,C,536
2010-05-07T21:00:00,HLY-TEMP-NORMAL,GHCND:USW00024233,C,523
2010-05-07T22:00:00,HLY-TEMP-NORMAL,GHCND:USW00024233,C,514
2010-05-07T23:00:00,HLY-TEMP-NORMAL,GHCND:USW00024233,C,504
2010-05-08T00:00:00,HLY-TEMP-NORMAL,GHCND:USW00024233,C,496
2010-05-08T01:00:00,HLY-TEMP-NORMAL,GHCND:USW00024233,C,488
2010-05-08T02:00:00,HLY-TEMP-NORMAL,GHCND:USW00024233,C,482
2010-05-08T03:00:00,HLY-TEMP-NORMAL,GHCND:USW00024233,C,477
2010-05-08T04:00:00,HLY-TEMP-NORMAL,GHCND:USW00024233,C,472
2010-05-08T05:00:00,HLY-TEMP-NORMAL,GHCND:USW00024233,C,470
2010-05-08T06:00:00,HLY-TEMP-NORMAL,GHCND:USW00024233,C,478
2010-05-08T07:00:00,HLY-TEMP-NORMAL,GHCND:USW00024233,C,492
2010-05-08T08:00:00,HLY-TEMP-NORMAL,GHCND:USW00024233,C,509
2010-05-08T09:00:00,HLY-TEMP-NORMAL,GHCND:USW00024233,C,527
2010-05-08T10:00:00,HLY-TEMP-NORMAL,GHCND:USW00024233,C,545
2010-05-08T11:00:00,HLY-TEMP-NORMAL,GHCND:USW00024233,C,561
2010-05-08T12:00:00,HLY-TEMP-NORMAL,GHCND:USW00024233,C,576
2010-05-08T13:00:00,HLY-TEMP-NORMAL,GHCND:USW00024233,C,589
2010-05-08T14:00:00,HLY-TEMP-NORMAL,GHCND:USW00024233,C,597
2010-05-08T15:00:00,HLY-TEMP-NORMAL,GHCND:USW00024233,C,601
2010-05-08T16:00:00,HLY-TEMP-NORMAL,GHCND:USW00024233,C,601
2010-05-08T17:00:00,HLY-TEMP-NORMAL,GHCND:USW00024233,C,595
2010-05-08T18:00:00,HLY-TEMP-NORMAL,GHCND:USW00024233,C,581
2010-05-08T19:00:00,HLY-TEMP-NORMAL,GHCND:USW00024233,C,560
2010-05-08T20:00:00,HLY-TEMP-NORMAL,GHCND:USW00024233,C,538
2010-05-08T21:00:00,HLY-TEMP-NORMAL,GHCND:USW00024233,C,526
2010-05-08T22:00:00,HLY-TEMP-NORMAL,GHCND:USW00024233,C,516
2010-05-08T23:00:00,HLY-TEMP-NORMAL,GHCND:USW00024233,C,506
2010-05-09T00:00:00,HLY-TEMP-NORMAL,GHCND:USW00024233,C,498
2010-05-09T01:00:00,HLY-TEMP-NORMAL,GHCND:USW00024233,C,490
2010-05-09T02:00:00,HLY-TEMP-NORMAL,GHCND:USW00024233,C,484
2010-05-09T03:00:00,HLY-TEMP-NORMAL,GHCND:USW00024233,C,479
2010-05-09T04:00:00,HLY-TEMP-NORMAL,GHCND:USW00024233,C,474
2010-05-09T05:00:00,HLY-TEMP-NORMAL,GHCND:USW00024233,C,472
2010-05-09T06:00:00,HLY-TEMP-NORMAL,GHCND:USW00024233,C,479
2010-05-09T07:00:00,HLY-TEMP-NORMAL,GHCND:USW00024233,C,494
2010-05-09T08:00:00,HLY-TEMP-NORMAL,GHCND:USW00024233,C,511
2010-05-09T09:00:00,HLY-TEMP-NORMAL,GHCND:USW00024233,C,529
2010-05-09T10:00:00,HLY-TEMP-NORMAL,GHCND:USW00024233,C,547
2010-05-09T11:00:00,HLY-TEMP-NORMAL,GHCND:USW00024233,C,564
2010-05-09T12:00:00,HLY-TEMP-NORMAL,GHCND:USW00024233,C,578
2010-05-09T13:00:00,HLY-TEMP-NORMAL,GHCND:USW00024233,C,592
2010-05-09T14:00:00,HLY-TEMP-NORMAL,GHCND:USW00024233,C,600
2010-05-09T15:00:00,HLY-TEMP-NORMAL,GHCND:USW00024233,C,605
2010-05-09T16:00:00,HLY-TEMP-NORMAL,GHCND:USW00024233,C,605
2010-05-09T17:00:00,HLY-TEMP-NORMAL,GHCND:USW00024233,C,599
2010-05-09T18:00:00,HLY-TEMP-NORMAL,GHCND:USW00024233,C,585
2010-05-09T19:00:00,HLY-TEMP-NORMAL,GHCND:USW00024233,C,564
2010-05-09T20:00:00,HLY-TEMP-NORMAL,GHCND:USW00024233,C,541
2010-05-09T21:00:00,HLY-TEMP-NORMAL,GHCND:USW00024233,C,528
2010-05-09T22:00:00,HLY-TEMP-NORMAL,GHCND:USW00024233,C,518
2010-05-09T23:00:00,HLY-TEMP-NORMAL,GHCND:USW00024233,C,508
2010-05-10T00:00:00,HLY-TEMP-NORMAL,GHCND:USW00024233,C,500
2010-05-10T01:00:00,HLY-TEMP-NORMAL,GHCND:USW00024233,C,492
2010-05-10T02:00:00,HLY-TEMP-NORMAL,GHCND:USW00024233,C,486
2010-05-10T03:00:00,HLY-TEMP-NORMAL,GHCND:USW00024233,C,480
2010-05-10T04:00:00,HLY-TEMP-NORMAL,GHCND:USW00024233,C,475
2010-05-10T05:00:00,HLY-TEMP-NORMAL,GHCND:USW00024233,C,473
2010-05-10T06:00:00,HLY-TEMP-NORMAL,GHCND:USW00024233,C,481
2010-05-10T07:00:00,HLY-TEMP-NORMAL,GHCND:USW00024233,C,496
2010-05-10T08:00:00,HLY-TEMP-NORMAL,GHCND:USW00024233,C,513
2010-05-10T09:00:00,HLY-TEMP-NORMAL,GHCND:USW00024233,C,531
2010-05-10T10:00:00,HLY-TEMP-NORMAL,GHCND:USW00024233,C,550
2010-05-10T11:00:00,HLY-TEMP-NORMAL,GHCND:USW00024233,C,567
2010-05-10T12:00:00,HLY-TEMP-NORMAL,GHCND:USW00024233,C,581
2010-05-10T13:00:00,HLY-TEMP-NORMAL,GHCND:USW00024233,C,595
2010-05-10T14:00:00,HLY-TEMP-NORMAL,GHCND:USW00024233,C,603
2010-05-10T15:00:00,HLY-TEMP-NORMAL,GHCND:USW00024233,C,608
2010-05-10T16:00:00,HLY-TEMP-NORMAL,GHCND:USW00024233,C,608
2010-05-10T17:00:00,HLY-TEMP-NORMAL,GHCND:USW00024233,C,602
2010-05-10T18:00:00,HLY-TEMP-NORMAL,GHCND:USW00024233,C,588
2010-05-10T19:00:00,HLY-TEMP-NORMAL,GHCND:USW00024233,C,567
2010-05-10T20:00:00,HLY-TEMP-NORMAL,GHCND:USW00024233,C,544
2010-05-10T21:00:00,HLY-TEMP-NORMAL,GHCND:USW00024233,C,531
2010-05-10T22:00:00,HLY-TEMP-NORMAL,GHCND:USW00024233,C,521
2010-05-10T23:00:00,HLY-TEMP-NORMAL,GHCND:USW00024233,C,511
2010-05-11T00:00:00,HLY-TEMP-NORMAL,GHCND:USW00024233,C,502
2010-05-11T01:00:00,HLY-TEMP-NORMAL,GHCND:USW00024233,C,494
2010-05-11T02:00:00,HLY-TEMP-NORMAL,GHCND:USW00024233,C,488
2010-05-11T03:00:00,HLY-TEMP-NORMAL,GHCND:USW00024233,C,482
2010-05-11T04:00:00,HLY-TEMP-NORMAL,GHCND:USW00024233,C,477
2010-05-11T05:00:00,HLY-TEMP-NORMAL,GHCND:USW00024233,C,475
2010-05-11T06:00:00,HLY-TEMP-NORMAL,GHCND:USW00024233,C,483
2010-05-11T07:00:00,HLY-TEMP-NORMAL,GHCND:USW00024233,C,498
2010-05-11T08:00:00,HLY-TEMP-NORMAL,GHCND:USW00024233,C,515
2010-05-11T09:00:00,HLY-TEMP-NORMAL,GHCND:USW00024233,C,533
2010-05-11T10:00:00,HLY-TEMP-NORMAL,GHCND:USW00024233,C,552
2010-05-11T11:00:00,HLY-TEMP-NORMAL,GHCND:USW00024233,C,569
2010-05-11T12:00:00,HLY-TEMP-NORMAL,GHCND:USW00024233,C,584
2010-05-11T13:00:00,HLY-TEMP-NORMAL,GHCND:USW00024233,C,597
2010-05-11T14:00:00,HLY-TEMP-NORMAL,GHCND:USW00024233,C,605
2010-05-11T15:00:00,HLY-TEMP-NORMAL,GHCND:USW00024233,C,610
2010-05-11T16:00:00,HLY-TEMP-NORMAL,GHCND:USW00024233,C,611
2010-05-11T17:00:00,HLY-TEMP-NORMAL,GHCND:USW00024233,C,605
2010-05-11T18:00:00,HLY-TEMP-NORMAL,GHCND:USW00024233,C,591
2010-05-11T19:00:00,HLY-TEMP-NORMAL,GHCND:USW00024233,C,570
2010-05-11T20:00:00,HLY-TEMP-NORMAL,GHCND:USW00024233,C,547
2010-05-11T21:00:00,HLY-TEMP-NORMAL,GHCND:USW00024233,C,533
2010-05-11T22:00:00,HLY-TEMP-NORMAL,GHCND:USW00024233,C,523
2010-05-11T23:00:00,HLY-TEMP-NORMAL,GHCND:USW00024233,C,513
2010-05-12T00:00:00,HLY-TEMP-NORMAL,GHCND:USW00024233,C,505
2010-05-12T01:00:00,HLY-TEMP-NORMAL,GHCND:USW00024233,C,497
2010-05-12T02:00:00,HLY-TEMP-NORMAL,GHCND:USW00024233,C,490
2010-05-12T03:00:00,HLY-TEMP-NORMAL,GHCND:USW00024233,C,484
2010-05-12T04:00:00,HLY-TEMP-NORMAL,GHCND:USW00024233,C,479
2010-05-12T05:00:00,HLY-TEMP-NORMAL,GHCND:USW00024233,C,477
2010-05-12T06:00:00,HLY-TEMP-NORMAL,GHCND:USW00024233,C,486
2010-05-12T07:00:00,HLY-TEMP-NORMAL,GHCND:USW00024233,C,500
2010-05-12T08:00:00,HLY-TEMP-NORMAL,GHCND:USW00024233,C,517
2010-05-12T09:00:00,HLY-TEMP-NORMAL,GHCND:USW00024233,C,536
2010-05-12T10:00:00,HLY-TEMP-NORMAL,GHCND:USW00024233,C,554
2010-05-12T11:00:00,HLY-TEMP-NORMAL,GHCND:USW00024233,C,570
2010-05-12T12:00:00,HLY-TEMP-NORMAL,GHCND:USW00024233,C,585
2010-05-12T13:00:00,HLY-TEMP-NORMAL,GHCND:USW00024233,C,598
2010-05-12T14:00:00,HLY-TEMP-NORMAL,GHCND:USW00024233,C,607
2010-05-12T15:00:00,HLY-TEMP-NORMAL,GHCND:USW00024233,C,611
2010-05-12T16:00:00,HLY-TEMP-NORMAL,GHCND:USW00024233,C,612
2010-05-12T17:00:00,HLY-TEMP-NORMAL,GHCND:USW00024233,C,606
2010-05-12T18:00:00,HLY-TEMP-NORMAL,GHCND:USW00024233,C,592
2010-05-12T19:00:00,HLY-TEMP-NORMAL,GHCND:USW00024233,C,572
2010-05-12T20:00:00,HLY-TEMP-NORMAL,GHCND:USW00024233,C,548
2010-05-12T21:00:00,HLY-TEMP-NORMAL,GHCND:USW00024233,C,535
2010-05-12T22:00:00,HLY-TEMP-NORMAL,GHCND:USW00024233,C,525
2010-05-12T23:00:00,HLY-TEMP-NORMAL,GHCND:USW00024233,C,515
2010-05-13T00:00:00,HLY-TEMP-NORMAL,GHCND:USW00024233,C,506
2010-05-13T01:00:00,HLY-TEMP-NORMAL,GHCND:USW00024233,C,498
2010-05-13T02:00:00,HLY-TEMP-NORMAL,GHCND:USW00024233,C,492
2010-05-13T03:00:00,HLY-TEMP-NORMAL,GHCND:USW00024233,C,486
2010-05-13T04:00:00,HLY-TEMP-NORMAL,GHCND:USW00024233,C,481
2010-05-13T05:00:00,HLY-TEMP-NORMAL,GHCND:USW00024233,C,479
2010-05-13T06:00:00,HLY-TEMP-NORMAL,GHCND:USW00024233,C,487
2010-05-13T07:00:00,HLY-TEMP-NORMAL,GHCND:USW00024233,C,502
2010-05-13T08:00:00,HLY-TEMP-NORMAL,GHCND:USW00024233,C,519
2010-05-13T09:00:00,HLY-TEMP-NORMAL,GHCND:USW00024233,C,537
2010-05-13T10:00:00,HLY-TEMP-NORMAL,GHCND:USW00024233,C,555
2010-05-13T11:00:00,HLY-TEMP-NORMAL,GHCND:USW00024233,C,571
2010-05-13T12:00:00,HLY-TEMP-NORMAL,GHCND:USW00024233,C,586
2010-05-13T13:00:00,HLY-TEMP-NORMAL,GHCND:USW00024233,C,599
2010-05-13T14:00:00,HLY-TEMP-NORMAL,GHCND:USW00024233,C,608
2010-05-13T15:00:00,HLY-TEMP-NORMAL,GHCND:USW00024233,C,613
2010-05-13T16:00:00,HLY-TEMP-NORMAL,GHCND:USW00024233,C,613
2010-05-13T17:00:00,HLY-TEMP-NORMAL,GHCND:USW00024233,C,607
2010-05-13T18:00:00,HLY-TEMP-NORMAL,GHCND:USW00024233,C,593
2010-05-13T19:00:00,HLY-TEMP-NORMAL,GHCND:USW00024233,C,573
2010-05-13T20:00:00,HLY-TEMP-NORMAL,GHCND:USW00024233,C,549
2010-05-13T21:00:00,HLY-TEMP-NORMAL,GHCND:USW00024233,C,536
2010-05-13T22:00:00,HLY-TEMP-NORMAL,GHCND:USW00024233,C,526
2010-05-13T23:00:00,HLY-TEMP-NORMAL,GHCND:USW00024233,C,516
2010-05-14T00:00:00,HLY-TEMP-NORMAL,GHCND:USW00024233,C,507
2010-05-14T01:00:00,HLY-TEMP-NORMAL,GHCND:USW00024233,C,499
2010-05-14T02:00:00,HLY-TEMP-NORMAL,GHCND:USW00024233,C,493
2010-05-14T03:00:00,HLY-TEMP-NORMAL,GHCND:USW00024233,C,487
2010-05-14T04:00:00,HLY-TEMP-NORMAL,GHCND:USW00024233,C,482
2010-05-14T05:00:00,HLY-TEMP-NORMAL,GHCND:USW00024233,C,479
2010-05-14T06:00:00,HLY-TEMP-NORMAL,GHCND:USW00024233,C,489
2010-05-14T07:00:00,HLY-TEMP-NORMAL,GHCND:USW00024233,C,503
2010-05-14T08:00:00,HLY-TEMP-NORMAL,GHCND:USW00024233,C,520
2010-05-14T09:00:00,HLY-TEMP-NORMAL,GHCND:USW00024233,C,538
2010-05-14T10:00:00,HLY-TEMP-NORMAL,GHCND:USW00024233,C,557
2010-05-14T11:00:00,HLY-TEMP-NORMAL,GHCND:USW00024233,C,573
2010-05-14T12:00:00,HLY-TEMP-NORMAL,GHCND:USW00024233,C,588
2010-05-14T13:00:00,HLY-TEMP-NORMAL,GHCND:USW00024233,C,601
2010-05-14T14:00:00,HLY-TEMP-NORMAL,GHCND:USW00024233,C,611
2010-05-14T15:00:00,HLY-TEMP-NORMAL,GHCND:USW00024233,C,615
2010-05-14T16:00:00,HLY-TEMP-NORMAL,GHCND:USW00024233,C,616
2010-05-14T17:00:00,HLY-TEMP-NORMAL,GHCND:USW00024233,C,609
2010-05-14T18:00:00,HLY-TEMP-NORMAL,GHCND:USW00024233,C,596
2010-05-14T19:00:00,HLY-TEMP-NORMAL,GHCND:USW00024233,C,576
2010-05-14T20:00:00,HLY-TEMP-NORMAL,GHCND:USW00024233,C,552
2010-05-14T21:00:00,HLY-TEMP-NORMAL,GHCND:USW00024233,C,538
2010-05-14T22:00:00,HLY-TEMP-NORMAL,GHCND:USW00024233,C,528
2010-05-14T23:00:00,HLY-TEMP-NORMAL,GHCND:USW00024233,C,518
2010-05-15T00:00:00,HLY-TEMP-NORMAL,GHCND:USW00024233,C,510
2010-05-15T01:00:00,HLY-TEMP-NORMAL,GHCND:USW00024233,C,502
2010-05-15T02:00:00,HLY-TEMP-NORMAL,GHCND:USW00024233,C,495
2010-05-15T03:00:00,HLY-TEMP-NORMAL,GHCND:USW00024233,C,489
2010-05-15T04:00:00,HLY-TEMP-NORMAL,GHCND:USW00024233,C,484
2010-05-15T05:00:00,HLY-TEMP-NORMAL,GHCND:USW00024233,C,481
2010-05-15T06:00:00,HLY-TEMP-NORMAL,GHCND:USW00024233,C,491
2010-05-15T07:00:00,HLY-TEMP-NORMAL,GHCND:USW00024233,C,505
2010-05-15T08:00:00,HLY-TEMP-NORMAL,GHCND:USW00024233,C,522
2010-05-15T09:00:00,HLY-TEMP-NORMAL,GHCND:USW00024233,C,540
2010-05-15T10:00:00,HLY-TEMP-NORMAL,GHCND:USW00024233,C,559
2010-05-15T11:00:00,HLY-TEMP-NORMAL,GHCND:USW00024233,C,576
2010-05-15T12:00:00,HLY-TEMP-NORMAL,GHCND:USW00024233,C,591
2010-05-15T13:00:00,HLY-TEMP-NORMAL,GHCND:USW00024233,C,604
2010-05-15T14:00:00,HLY-TEMP-NORMAL,GHCND:USW00024233,C,613
2010-05-15T15:00:00,HLY-TEMP-NORMAL,GHCND:USW00024233,C,617
2010-05-15T16:00:00,HLY-TEMP-NORMAL,GHCND:USW00024233,C,618
2010-05-15T17:00:00,HLY-TEMP-NORMAL,GHCND:USW00024233,C,611
2010-05-15T18:00:00,HLY-TEMP-NORMAL,GHCND:USW00024233,C,598
2010-05-15T19:00:00,HLY-TEMP-NORMAL,GHCND:USW00024233,C,578
2010-05-15T20:00:00,HLY-TEMP-NORMAL,GHCND:USW00024233,C,554
2010-05-15T21:00:00,HLY-TEMP-NORMAL,GHCND:USW00024233,C,541
2010-05-15T22:00:00,HLY-TEMP-NORMAL,GHCND:USW00024233,C,531
2010-05-15T23:00:00,HLY-TEMP-NORMAL,GHCND:USW00024233,C,521
2010-05-16T00:00:00,HLY-TEMP-NORMAL,GHCND:USW00024233,C,512
2010-05-16T01:00:00,HLY-TEMP-NORMAL,GHCND:USW00024233,C,504
2010-05-16T02:00:00,HLY-TEMP-NORMAL,GHCND:USW00024233,C,497
2010-05-16T03:00:00,HLY-TEMP-NORMAL,GHCND:USW00024233,C,491
2010-05-16T04:00:00,HLY-TEMP-NORMAL,GHCND:USW00024233,C,486
2010-05-16T05:00:00,HLY-TEMP-NORMAL,GHCND:USW00024233,C,484
2010-05-16T06:00:00,HLY-TEMP-NORMAL,GHCND:USW00024233,C,494
2010-05-16T07:00:00,HLY-TEMP-NORMAL,GHCND:USW00024233,C,508
2010-05-16T08:00:00,HLY-TEMP-NORMAL,GHCND:USW00024233,C,525
2010-05-16T09:00:00,HLY-TEMP-NORMAL,GHCND:USW00024233,C,543
2010-05-16T10:00:00,HLY-TEMP-NORMAL,GHCND:USW00024233,C,562
2010-05-16T11:00:00,HLY-TEMP-NORMAL,GHCND:USW00024233,C,579
2010-05-16T12:00:00,HLY-TEMP-NORMAL,GHCND:USW00024233,C,595
2010-05-16T13:00:00,HLY-TEMP-NORMAL,GHCND:USW00024233,C,608
2010-05-16T14:00:00,HLY-TEMP-NORMAL,GHCND:USW00024233,C,618
2010-05-16T15:00:00,HLY-TEMP-NORMAL,GHCND:USW00024233,C,622
2010-05-16T16:00:00,HLY-TEMP-NORMAL,GHCND:USW00024233,C,622
2010-05-16T17:00:00,HLY-TEMP-NORMAL,GHCND:USW00024233,C,615
2010-05-16T18:00:00,HLY-TEMP-NORMAL,GHCND:USW00024233,C,603
2010-05-16T19:00:00,HLY-TEMP-NORMAL,GHCND:USW00024233,C,583
2010-05-16T20:00:00,HLY-TEMP-NORMAL,GHCND:USW00024233,C,559
2010-05-16T21:00:00,HLY-TEMP-NORMAL,GHCND:USW00024233,C,545
2010-05-16T22:00:00,HLY-TEMP-NORMAL,GHCND:USW00024233,C,535
2010-05-16T23:00:00,HLY-TEMP-NORMAL,GHCND:USW00024233,C,525
2010-05-17T00:00:00,HLY-TEMP-NORMAL,GHCND:USW00024233,C,516
2010-05-17T01:00:00,HLY-TEMP-NORMAL,GHCND:USW00024233,C,507
2010-05-17T02:00:00,HLY-TEMP-NORMAL,GHCND:USW00024233,C,500
2010-05-17T03:00:00,HLY-TEMP-NORMAL,GHCND:USW00024233,C,494
2010-05-17T04:00:00,HLY-TEMP-NORMAL,GHCND:USW00024233,C,489
2010-05-17T05:00:00,HLY-TEMP-NORMAL,GHCND:USW00024233,C,487
2010-05-17T06:00:00,HLY-TEMP-NORMAL,GHCND:USW00024233,C,497
2010-05-17T07:00:00,HLY-TEMP-NORMAL,GHCND:USW00024233,C,512
2010-05-17T08:00:00,HLY-TEMP-NORMAL,GHCND:USW00024233,C,530
2010-05-17T09:00:00,HLY-TEMP-NORMAL,GHCND:USW00024233,C,548
2010-05-17T10:00:00,HLY-TEMP-NORMAL,GHCND:USW00024233,C,567
2010-05-17T11:00:00,HLY-TEMP-NORMAL,GHCND:USW00024233,C,584
2010-05-17T12:00:00,HLY-TEMP-NORMAL,GHCND:USW00024233,C,600
2010-05-17T13:00:00,HLY-TEMP-NORMAL,GHCND:USW00024233,C,614
2010-05-17T14:00:00,HLY-TEMP-NORMAL,GHCND:USW00024233,C,623
2010-05-17T15:00:00,HLY-TEMP-NORMAL,GHCND:USW00024233,C,627
2010-05-17T16:00:00,HLY-TEMP-NORMAL,GHCND:USW00024233,C,628
2010-05-17T17:00:00,HLY-TEMP-NORMAL,GHCND:USW00024233,C,621
2010-05-17T18:00:00,HLY-TEMP-NORMAL,GHCND:USW00024233,C,608
2010-05-17T19:00:00,HLY-TEMP-NORMAL,GHCND:USW00024233,C,588
2010-05-17T20:00:00,HLY-TEMP-NORMAL,GHCND:USW00024233,C,563
2010-05-17T21:00:00,HLY-TEMP-NORMAL,GHCND:USW00024233,C,549
2010-05-17T22:00:00,HLY-TEMP-NORMAL,GHCND:USW00024233,C,539
2010-05-17T23:00:00,HLY-TEMP-NORMAL,GHCND:USW00024233,C,529
2010-05-18T00:00:00,HLY-TEMP-NORMAL,GHCND:USW00024233,C,519
2010-05-18T01:00:00,HLY-TEMP-NORMAL,GHCND:USW00024233,C,510
2010-05-18T02:00:00,HLY-TEMP-NORMAL,GHCND:USW00024233,C,503
2010-05-18T03:00:00,HLY-TEMP-NORMAL,GHCND:USW00024233,C,497
2010-05-18T04:00:00,HLY-TEMP-NORMAL,GHCND:USW00024233,C,492
2010-05-18T05:00:00,HLY-TEMP-NORMAL,GHCND:USW00024233,C,490
2010-05-18T06:00:00,HLY-TEMP-NORMAL,GHCND:USW00024233,C,500
2010-05-18T07:00:00,HLY-TEMP-NORMAL,GHCND:USW00024233,C,515
2010-05-18T08:00:00,HLY-TEMP-NORMAL,GHCND:USW00024233,C,532
2010-05-18T09:00:00,HLY-TEMP-NORMAL,GHCND:USW00024233,C,551
2010-05-18T10:00:00,HLY-TEMP-NORMAL,GHCND:USW00024233,C,570
2010-05-18T11:00:00,HLY-TEMP-NORMAL,GHCND:USW00024233,C,587
2010-05-18T12:00:00,HLY-TEMP-NORMAL,GHCND:USW00024233,C,603
2010-05-18T13:00:00,HLY-TEMP-NORMAL,GHCND:USW00024233,C,617
2010-05-18T14:00:00,HLY-TEMP-NORMAL,GHCND:USW00024233,C,626
2010-05-18T15:00:00,HLY-TEMP-NORMAL,GHCND:USW00024233,C,630
2010-05-18T16:00:00,HLY-TEMP-NORMAL,GHCND:USW00024233,C,631
2010-05-18T17:00:00,HLY-TEMP-NORMAL,GHCND:USW00024233,C,624
2010-05-18T18:00:00,HLY-TEMP-NORMAL,GHCND:USW00024233,C,612
2010-05-18T19:00:00,HLY-TEMP-NORMAL,GHCND:USW00024233,C,592
2010-05-18T20:00:00,HLY-TEMP-NORMAL,GHCND:USW00024233,C,566
2010-05-18T21:00:00,HLY-TEMP-NORMAL,GHCND:USW00024233,C,552
2010-05-18T22:00:00,HLY-TEMP-NORMAL,GHCND:USW00024233,C,541
2010-05-18T23:00:00,HLY-TEMP-NORMAL,GHCND:USW00024233,C,531
2010-05-19T00:00:00,HLY-TEMP-NORMAL,GHCND:USW00024233,C,521
2010-05-19T01:00:00,HLY-TEMP-NORMAL,GHCND:USW00024233,C,513
2010-05-19T02:00:00,HLY-TEMP-NORMAL,GHCND:USW00024233,C,506
2010-05-19T03:00:00,HLY-TEMP-NORMAL,GHCND:USW00024233,C,500
2010-05-19T04:00:00,HLY-TEMP-NORMAL,GHCND:USW00024233,C,495
2010-05-19T05:00:00,HLY-TEMP-NORMAL,GHCND:USW00024233,C,493
2010-05-19T06:00:00,HLY-TEMP-NORMAL,GHCND:USW00024233,C,503
2010-05-19T07:00:00,HLY-TEMP-NORMAL,GHCND:USW00024233,C,518
2010-05-19T08:00:00,HLY-TEMP-NORMAL,GHCND:USW00024233,C,535
2010-05-19T09:00:00,HLY-TEMP-NORMAL,GHCND:USW00024233,C,553
2010-05-19T10:00:00,HLY-TEMP-NORMAL,GHCND:USW00024233,C,572
2010-05-19T11:00:00,HLY-TEMP-NORMAL,GHCND:USW00024233,C,589
2010-05-19T12:00:00,HLY-TEMP-NORMAL,GHCND:USW00024233,C,605
2010-05-19T13:00:00,HLY-TEMP-NORMAL,GHCND:USW00024233,C,619
2010-05-19T14:00:00,HLY-TEMP-NORMAL,GHCND:USW00024233,C,628
2010-05-19T15:00:00,HLY-TEMP-NORMAL,GHCND:USW00024233,C,633
2010-05-19T16:00:00,HLY-TEMP-NORMAL,GHCND:USW00024233,C,634
2010-05-19T17:00:00,HLY-TEMP-NORMAL,GHCND:USW00024233,C,627
2010-05-19T18:00:00,HLY-TEMP-NORMAL,GHCND:USW00024233,C,615
2010-05-19T19:00:00,HLY-TEMP-NORMAL,GHCND:USW00024233,C,594
2010-05-19T20:00:00,HLY-TEMP-NORMAL,GHCND:USW00024233,C,569
2010-05-19T21:00:00,HLY-TEMP-NORMAL,GHCND:USW00024233,C,554
2010-05-19T22:00:00,HLY-TEMP-NORMAL,GHCND:USW00024233,C,543
2010-05-19T23:00:00,HLY-TEMP-NORMAL,GHCND:USW00024233,C,533
2010-05-20T00:00:00,HLY-TEMP-NORMAL,GHCND:USW00024233,C,523
2010-05-20T01:00:00,HLY-TEMP-NORMAL,GHCND:USW00024233,C,515
2010-05-20T02:00:00,HLY-TEMP-NORMAL,GHCND:USW00024233,C,508
2010-05-20T03:00:00,HLY-TEMP-NORMAL,GHCND:USW00024233,C,502
2010-05-20T04:00:00,HLY-TEMP-NORMAL,GHCND:USW00024233,C,497
2010-05-20T05:00:00,HLY-TEMP-NORMAL,GHCND:USW00024233,C,495
2010-05-20T06:00:00,HLY-TEMP-NORMAL,GHCND:USW00024233,C,505
2010-05-20T07:00:00,HLY-TEMP-NORMAL,GHCND:USW00024233,C,519
2010-05-20T08:00:00,HLY-TEMP-NORMAL,GHCND:USW00024233,C,536
2010-05-20T09:00:00,HLY-TEMP-NORMAL,GHCND:USW00024233,C,554
2010-05-20T10:00:00,HLY-TEMP-NORMAL,GHCND:USW00024233,C,574
2010-05-20T11:00:00,HLY-TEMP-NORMAL,GHCND:USW00024233,C,591
2010-05-20T12:00:00,HLY-TEMP-NORMAL,GHCND:USW00024233,C,607
2010-05-20T13:00:00,HLY-TEMP-NORMAL,GHCND:USW00024233,C,621
2010-05-20T14:00:00,HLY-TEMP-NORMAL,GHCND:USW00024233,C,630
2010-05-20T15:00:00,HLY-TEMP-NORMAL,GHCND:USW00024233,C,635
2010-05-20T16:00:00,HLY-TEMP-NORMAL,GHCND:USW00024233,C,636
2010-05-20T17:00:00,HLY-TEMP-NORMAL,GHCND:USW00024233,C,628
2010-05-20T18:00:00,HLY-TEMP-NORMAL,GHCND:USW00024233,C,616
2010-05-20T19:00:00,HLY-TEMP-NORMAL,GHCND:USW00024233,C,597
2010-05-20T20:00:00,HLY-TEMP-NORMAL,GHCND:USW00024233,C,572
2010-05-20T21:00:00,HLY-TEMP-NORMAL,GHCND:USW00024233,C,556
2010-05-20T22:00:00,HLY-TEMP-NORMAL,GHCND:USW00024233,C,546
2010-05-20T23:00:00,HLY-TEMP-NORMAL,GHCND:USW00024233,C,535
2010-05-21T00:00:00,HLY-TEMP-NORMAL,GHCND:USW00024233,C,525
2010-05-21T01:00:00,HLY-TEMP-NORMAL,GHCND:USW00024233,C,517
2010-05-21T02:00:00,HLY-TEMP-NORMAL,GHCND:USW00024233,C,510
2010-05-21T03:00:00,HLY-TEMP-NORMAL,GHCND:USW00024233,C,504
2010-05-21T04:00:00,HLY-TEMP-NORMAL,GHCND:USW00024233,C,499
2010-05-21T05:00:00,HLY-TEMP-NORMAL,GHCND:USW00024233,C,497
2010-05-21T06:00:00,HLY-TEMP-NORMAL,GHCND:USW00024233,C,507
2010-05-21T07:00:00,HLY-TEMP-NORMAL,GHCND:USW00024233,C,521
2010-05-21T08:00:00,HLY-TEMP-NORMAL,GHCND:USW00024233,C,539
2010-05-21T09:00:00,HLY-TEMP-NORMAL,GHCND:USW00024233,C,557
2010-05-21T10:00:00,HLY-TEMP-NORMAL,GHCND:USW00024233,C,576
2010-05-21T11:00:00,HLY-TEMP-NORMAL,GHCND:USW00024233,C,594
2010-05-21T12:00:00,HLY-TEMP-NORMAL,GHCND:USW00024233,C,609
2010-05-21T13:00:00,HLY-TEMP-NORMAL,GHCND:USW00024233,C,624
2010-05-21T14:00:00,HLY-TEMP-NORMAL,GHCND:USW00024233,C,633
2010-05-21T15:00:00,HLY-TEMP-NORMAL,GHCND:USW00024233,C,638
2010-05-21T16:00:00,HLY-TEMP-NORMAL,GHCND:USW00024233,C,639
2010-05-21T17:00:00,HLY-TEMP-NORMAL,GHCND:USW00024233,C,632
2010-05-21T18:00:00,HLY-TEMP-NORMAL,GHCND:USW00024233,C,619
2010-05-21T19:00:00,HLY-TEMP-NORMAL,GHCND:USW00024233,C,599
2010-05-21T20:00:00,HLY-TEMP-NORMAL,GHCND:USW00024233,C,574
2010-05-21T21:00:00,HLY-TEMP-NORMAL,GHCND:USW00024233,C,559
2010-05-21T22:00:00,HLY-TEMP-NORMAL,GHCND:USW00024233,C,548
2010-05-21T23:00:00,HLY-TEMP-NORMAL,GHCND:USW00024233,C,537
2010-05-22T00:00:00,HLY-TEMP-NORMAL,GHCND:USW00024233,C,528
2010-05-22T01:00:00,HLY-TEMP-NORMAL,GHCND:USW00024233,C,520
2010-05-22T02:00:00,HLY-TEMP-NORMAL,GHCND:USW00024233,C,512
2010-05-22T03:00:00,HLY-TEMP-NORMAL,GHCND:USW00024233,C,506
2010-05-22T04:00:00,HLY-TEMP-NORMAL,GHCND:USW00024233,C,501
2010-05-22T05:00:00,HLY-TEMP-NORMAL,GHCND:USW00024233,C,499
2010-05-22T06:00:00,HLY-TEMP-NORMAL,GHCND:USW00024233,C,509
2010-05-22T07:00:00,HLY-TEMP-NORMAL,GHCND:USW00024233,C,524
2010-05-22T08:00:00,HLY-TEMP-NORMAL,GHCND:USW00024233,C,541
2010-05-22T09:00:00,HLY-TEMP-NORMAL,GHCND:USW00024233,C,559
2010-05-22T10:00:00,HLY-TEMP-NORMAL,GHCND:USW00024233,C,578
2010-05-22T11:00:00,HLY-TEMP-NORMAL,GHCND:USW00024233,C,596
2010-05-22T12:00:00,HLY-TEMP-NORMAL,GHCND:USW00024233,C,612
2010-05-22T13:00:00,HLY-TEMP-NORMAL,GHCND:USW00024233,C,626
2010-05-22T14:00:00,HLY-TEMP-NORMAL,GHCND:USW00024233,C,635
2010-05-22T15:00:00,HLY-TEMP-NORMAL,GHCND:USW00024233,C,640
2010-05-22T16:00:00,HLY-TEMP-NORMAL,GHCND:USW00024233,C,640
2010-05-22T17:00:00,HLY-TEMP-NORMAL,GHCND:USW00024233,C,633
2010-05-22T18:00:00,HLY-TEMP-NORMAL,GHCND:USW00024233,C,621
2010-05-22T19:00:00,HLY-TEMP-NORMAL,GHCND:USW00024233,C,601
2010-05-22T20:00:00,HLY-TEMP-NORMAL,GHCND:USW00024233,C,576
2010-05-22T21:00:00,HLY-TEMP-NORMAL,GHCND:USW00024233,C,561
2010-05-22T22:00:00,HLY-TEMP-NORMAL,GHCND:USW00024233,C,550
2010-05-22T23:00:00,HLY-TEMP-NORMAL,GHCND:USW00024233,C,540
2010-05-23T00:00:00,HLY-TEMP-NORMAL,GHCND:USW00024233,C,530
2010-05-23T01:00:00,HLY-TEMP-NORMAL,GHCND:USW00024233,C,522
2010-05-23T02:00:00,HLY-TEMP-NORMAL,GHCND:USW00024233,C,514
2010-05-23T03:00:00,HLY-TEMP-NORMAL,GHCND:USW00024233,C,508
2010-05-23T04:00:00,HLY-TEMP-NORMAL,GHCND:USW00024233,C,503
2010-05-23T05:00:00,HLY-TEMP-NORMAL,GHCND:USW00024233,C,501
2010-05-23T06:00:00,HLY-TEMP-NORMAL,GHCND:USW00024233,C,511
2010-05-23T07:00:00,HLY-TEMP-NORMAL,GHCND:USW00024233,C,526
2010-05-23T08:00:00,HLY-TEMP-NORMAL,GHCND:USW00024233,C,543
2010-05-23T09:00:00,HLY-TEMP-NORMAL,GHCND:USW00024233,C,560
2010-05-23T10:00:00,HLY-TEMP-NORMAL,GHCND:USW00024233,C,580
2010-05-23T11:00:00,HLY-TEMP-NORMAL,GHCND:USW00024233,C,598
2010-05-23T12:00:00,HLY-TEMP-NORMAL,GHCND:USW00024233,C,613
2010-05-23T13:00:00,HLY-TEMP-NORMAL,GHCND:USW00024233,C,628
2010-05-23T14:00:00,HLY-TEMP-NORMAL,GHCND:USW00024233,C,637
2010-05-23T15:00:00,HLY-TEMP-NORMAL,GHCND:USW00024233,C,641
2010-05-23T16:00:00,HLY-TEMP-NORMAL,GHCND:USW00024233,C,642
2010-05-23T17:00:00,HLY-TEMP-NORMAL,GHCND:USW00024233,C,634
2010-05-23T18:00:00,HLY-TEMP-NORMAL,GHCND:USW00024233,C,623
2010-05-23T19:00:00,HLY-TEMP-NORMAL,GHCND:USW00024233,C,603
2010-05-23T20:00:00,HLY-TEMP-NORMAL,GHCND:USW00024233,C,578
2010-05-23T21:00:00,HLY-TEMP-NORMAL,GHCND:USW00024233,C,563
2010-05-23T22:00:00,HLY-TEMP-NORMAL,GHCND:USW00024233,C,552
2010-05-23T23:00:00,HLY-TEMP-NORMAL,GHCND:USW00024233,C,542
2010-05-24T00:00:00,HLY-TEMP-NORMAL,GHCND:USW00024233,C,532
2010-05-24T01:00:00,HLY-TEMP-NORMAL,GHCND:USW00024233,C,524
2010-05-24T02:00:00,HLY-TEMP-NORMAL,GHCND:USW00024233,C,517
2010-05-24T03:00:00,HLY-TEMP-NORMAL,GHCND:USW00024233,C,510
2010-05-24T04:00:00,HLY-TEMP-NORMAL,GHCND:USW00024233,C,506
2010-05-24T05:00:00,HLY-TEMP-NORMAL,GHCND:USW00024233,C,503
2010-05-24T06:00:00,HLY-TEMP-NORMAL,GHCND:USW00024233,C,514
2010-05-24T07:00:00,HLY-TEMP-NORMAL,GHCND:USW00024233,C,528
2010-05-24T08:00:00,HLY-TEMP-NORMAL,GHCND:USW00024233,C,545
2010-05-24T09:00:00,HLY-TEMP-NORMAL,GHCND:USW00024233,C,562
2010-05-24T10:00:00,HLY-TEMP-NORMAL,GHCND:USW00024233,C,581
2010-05-24T11:00:00,HLY-TEMP-NORMAL,GHCND:USW00024233,C,599
2010-05-24T12:00:00,HLY-TEMP-NORMAL,GHCND:USW00024233,C,615
2010-05-24T13:00:00,HLY-TEMP-NORMAL,GHCND:USW00024233,C,629
2010-05-24T14:00:00,HLY-TEMP-NORMAL,GHCND:USW00024233,C,638
2010-05-24T15:00:00,HLY-TEMP-NORMAL,GHCND:USW00024233,C,641
2010-05-24T16:00:00,HLY-TEMP-NORMAL,GHCND:USW00024233,C,643
2010-05-24T17:00:00,HLY-TEMP-NORMAL,GHCND:USW00024233,C,635
2010-05-24T18:00:00,HLY-TEMP-NORMAL,GHCND:USW00024233,C,624
2010-05-24T19:00:00,HLY-TEMP-NORMAL,GHCND:USW00024233,C,604
2010-05-24T20:00:00,HLY-TEMP-NORMAL,GHCND:USW00024233,C,579
2010-05-24T21:00:00,HLY-TEMP-NORMAL,GHCND:USW00024233,C,565
2010-05-24T22:00:00,HLY-TEMP-NORMAL,GHCND:USW00024233,C,553
2010-05-24T23:00:00,HLY-TEMP-NORMAL,GHCND:USW00024233,C,543
2010-05-25T00:00:00,HLY-TEMP-NORMAL,GHCND:USW00024233,C,533
2010-05-25T01:00:00,HLY-TEMP-NORMAL,GHCND:USW00024233,C,525
2010-05-25T02:00:00,HLY-TEMP-NORMAL,GHCND:USW00024233,C,518
2010-05-25T03:00:00,HLY-TEMP-NORMAL,GHCND:USW00024233,C,512
2010-05-25T04:00:00,HLY-TEMP-NORMAL,GHCND:USW00024233,C,507
2010-05-25T05:00:00,HLY-TEMP-NORMAL,GHCND:USW00024233,C,505
2010-05-25T06:00:00,HLY-TEMP-NORMAL,GHCND:USW00024233,C,516
2010-05-25T07:00:00,HLY-TEMP-NORMAL,GHCND:USW00024233,C,530
2010-05-25T08:00:00,HLY-TEMP-NORMAL,GHCND:USW00024233,C,548
2010-05-25T09:00:00,HLY-TEMP-NORMAL,GHCND:USW00024233,C,564
2010-05-25T10:00:00,HLY-TEMP-NORMAL,GHCND:USW00024233,C,583
2010-05-25T11:00:00,HLY-TEMP-NORMAL,GHCND:USW00024233,C,601
2010-05-25T12:00:00,HLY-TEMP-NORMAL,GHCND:USW00024233,C,616
2010-05-25T13:00:00,HLY-TEMP-NORMAL,GHCND:USW00024233,C,630
2010-05-25T14:00:00,HLY-TEMP-NORMAL,GHCND:USW00024233,C,639
2010-05-25T15:00:00,HLY-TEMP-NORMAL,GHCND:USW00024233,C,643
2010-05-25T16:00:00,HLY-TEMP-NORMAL,GHCND:USW00024233,C,644
2010-05-25T17:00:00,HLY-TEMP-NORMAL,GHCND:USW00024233,C,636
2010-05-25T18:00:00,HLY-TEMP-NORMAL,GHCND:USW00024233,C,625
2010-05-25T19:00:00,HLY-TEMP-NORMAL,GHCND:USW00024233,C,605
2010-05-25T20:00:00,HLY-TEMP-NORMAL,GHCND:USW00024233,C,581
2010-05-25T21:00:00,HLY-TEMP-NORMAL,GHCND:USW00024233,C,566
2010-05-25T22:00:00,HLY-TEMP-NORMAL,GHCND:USW00024233,C,555
2010-05-25T23:00:00,HLY-TEMP-NORMAL,GHCND:USW00024233,C,545
2010-05-26T00:00:00,HLY-TEMP-NORMAL,GHCND:USW00024233,C,535
2010-05-26T01:00:00,HLY-TEMP-NORMAL,GHCND:USW00024233,C,527
2010-05-26T02:00:00,HLY-TEMP-NORMAL,GHCND:USW00024233,C,520
2010-05-26T03:00:00,HLY-TEMP-NORMAL,GHCND:USW00024233,C,513
2010-05-26T04:00:00,HLY-TEMP-NORMAL,GHCND:USW00024233,C,509
2010-05-26T05:00:00,HLY-TEMP-NORMAL,GHCND:USW00024233,C,507
2010-05-26T06:00:00,HLY-TEMP-NORMAL,GHCND:USW00024233,C,518
2010-05-26T07:00:00,HLY-TEMP-NORMAL,GHCND:USW00024233,C,532
2010-05-26T08:00:00,HLY-TEMP-NORMAL,GHCND:USW00024233,C,550
2010-05-26T09:00:00,HLY-TEMP-NORMAL,GHCND:USW00024233,C,567
2010-05-26T10:00:00,HLY-TEMP-NORMAL,GHCND:USW00024233,C,586
2010-05-26T11:00:00,HLY-TEMP-NORMAL,GHCND:USW00024233,C,604
2010-05-26T12:00:00,HLY-TEMP-NORMAL,GHCND:USW00024233,C,619
2010-05-26T13:00:00,HLY-TEMP-NORMAL,GHCND:USW00024233,C,633
2010-05-26T14:00:00,HLY-TEMP-NORMAL,GHCND:USW00024233,C,642
2010-05-26T15:00:00,HLY-TEMP-NORMAL,GHCND:USW00024233,C,646
2010-05-26T16:00:00,HLY-TEMP-NORMAL,GHCND:USW00024233,C,647
2010-05-26T17:00:00,HLY-TEMP-NORMAL,GHCND:USW00024233,C,639
2010-05-26T18:00:00,HLY-TEMP-NORMAL,GHCND:USW00024233,C,628
2010-05-26T19:00:00,HLY-TEMP-NORMAL,GHCND:USW00024233,C,609
2010-05-26T20:00:00,HLY-TEMP-NORMAL,GHCND:USW00024233,C,584
2010-05-26T21:00:00,HLY-TEMP-NORMAL,GHCND:USW00024233,C,569
2010-05-26T22:00:00,HLY-TEMP-NORMAL,GHCND:USW00024233,C,558
2010-05-26T23:00:00,HLY-TEMP-NORMAL,GHCND:USW00024233,C,548
2010-05-27T00:00:00,HLY-TEMP-NORMAL,GHCND:USW00024233,C,538
2010-05-27T01:00:00,HLY-TEMP-NORMAL,GHCND:USW00024233,C,530
2010-05-27T02:00:00,HLY-TEMP-NORMAL,GHCND:USW00024233,C,522
2010-05-27T03:00:00,HLY-TEMP-NORMAL,GHCND:USW00024233,C,516
2010-05-27T04:00:00,HLY-TEMP-NORMAL,GHCND:USW00024233,C,511
2010-05-27T05:00:00,HLY-TEMP-NORMAL,GHCND:USW00024233,C,509
2010-05-27T06:00:00,HLY-TEMP-NORMAL,GHCND:USW00024233,C,520
2010-05-27T07:00:00,HLY-TEMP-NORMAL,GHCND:USW00024233,C,535
2010-05-27T08:00:00,HLY-TEMP-NORMAL,GHCND:USW00024233,C,552
2010-05-27T09:00:00,HLY-TEMP-NORMAL,GHCND:USW00024233,C,569
2010-05-27T10:00:00,HLY-TEMP-NORMAL,GHCND:USW00024233,C,588
2010-05-27T11:00:00,HLY-TEMP-NORMAL,GHCND:USW00024233,C,606
2010-05-27T12:00:00,HLY-TEMP-NORMAL,GHCND:USW00024233,C,622
2010-05-27T13:00:00,HLY-TEMP-NORMAL,GHCND:USW00024233,C,636
2010-05-27T14:00:00,HLY-TEMP-NORMAL,GHCND:USW00024233,C,646
2010-05-27T15:00:00,HLY-TEMP-NORMAL,GHCND:USW00024233,C,650
2010-05-27T16:00:00,HLY-TEMP-NORMAL,GHCND:USW00024233,C,650
2010-05-27T17:00:00,HLY-TEMP-NORMAL,GHCND:USW00024233,C,643
2010-05-27T18:00:00,HLY-TEMP-NORMAL,GHCND:USW00024233,C,633
2010-05-27T19:00:00,HLY-TEMP-NORMAL,GHCND:USW00024233,C,613
2010-05-27T20:00:00,HLY-TEMP-NORMAL,GHCND:USW00024233,C,588
2010-05-27T21:00:00,HLY-TEMP-NORMAL,GHCND:USW00024233,C,572
2010-05-27T22:00:00,HLY-TEMP-NORMAL,GHCND:USW00024233,C,561
2010-05-27T23:00:00,HLY-TEMP-NORMAL,GHCND:USW00024233,C,551
2010-05-28T00:00:00,HLY-TEMP-NORMAL,GHCND:USW00024233,C,540
2010-05-28T01:00:00,HLY-TEMP-NORMAL,GHCND:USW00024233,C,533
2010-05-28T02:00:00,HLY-TEMP-NORMAL,GHCND:USW00024233,C,525
2010-05-28T03:00:00,HLY-TEMP-NORMAL,GHCND:USW00024233,C,518
2010-05-28T04:00:00,HLY-TEMP-NORMAL,GHCND:USW00024233,C,513
2010-05-28T05:00:00,HLY-TEMP-NORMAL,GHCND:USW00024233,C,511
2010-05-28T06:00:00,HLY-TEMP-NORMAL,GHCND:USW00024233,C,522
2010-05-28T07:00:00,HLY-TEMP-NORMAL,GHCND:USW00024233,C,537
2010-05-28T08:00:00,HLY-TEMP-NORMAL,GHCND:USW00024233,C,555
2010-05-28T09:00:00,HLY-TEMP-NORMAL,GHCND:USW00024233,C,572
2010-05-28T10:00:00,HLY-TEMP-NORMAL,GHCND:USW00024233,C,591
2010-05-28T11:00:00,HLY-TEMP-NORMAL,GHCND:USW00024233,C,609
2010-05-28T12:00:00,HLY-TEMP-NORMAL,GHCND:USW00024233,C,625
2010-05-28T13:00:00,HLY-TEMP-NORMAL,GHCND:USW00024233,C,639
2010-05-28T14:00:00,HLY-TEMP-NORMAL,GHCND:USW00024233,C,649
2010-05-28T15:00:00,HLY-TEMP-NORMAL,GHCND:USW00024233,C,653
2010-05-28T16:00:00,HLY-TEMP-NORMAL,GHCND:USW00024233,C,654
2010-05-28T17:00:00,HLY-TEMP-NORMAL,GHCND:USW00024233,C,647
2010-05-28T18:00:00,HLY-TEMP-NORMAL,GHCND:USW00024233,C,636
2010-05-28T19:00:00,HLY-TEMP-NORMAL,GHCND:USW00024233,C,616
2010-05-28T20:00:00,HLY-TEMP-NORMAL,GHCND:USW00024233,C,591
2010-05-28T21:00:00,HLY-TEMP-NORMAL,GHCND:USW00024233,C,575
2010-05-28T22:00:00,HLY-TEMP-NORMAL,GHCND:USW00024233,C,563
2010-05-28T23:00:00,HLY-TEMP-NORMAL,GHCND:USW00024233,C,554
2010-05-29T00:00:00,HLY-TEMP-NORMAL,GHCND:USW00024233,C,543
2010-05-29T01:00:00,HLY-TEMP-NORMAL,GHCND:USW00024233,C,535
2010-05-29T02:00:00,HLY-TEMP-NORMAL,GHCND:USW00024233,C,528
2010-05-29T03:00:00,HLY-TEMP-NORMAL,GHCND:USW00024233,C,521
2010-05-29T04:00:00,HLY-TEMP-NORMAL,GHCND:USW00024233,C,516
2010-05-29T05:00:00,HLY-TEMP-NORMAL,GHCND:USW00024233,C,514
2010-05-29T06:00:00,HLY-TEMP-NORMAL,GHCND:USW00024233,C,525
2010-05-29T07:00:00,HLY-TEMP-NORMAL,GHCND:USW00024233,C,539
2010-05-29T08:00:00,HLY-TEMP-NORMAL,GHCND:USW00024233,C,557
2010-05-29T09:00:00,HLY-TEMP-NORMAL,GHCND:USW00024233,C,574
2010-05-29T10:00:00,HLY-TEMP-NORMAL,GHCND:USW00024233,C,593
2010-05-29T11:00:00,HLY-TEMP-NORMAL,GHCND:USW00024233,C,610
2010-05-29T12:00:00,HLY-TEMP-NORMAL,GHCND:USW00024233,C,626
2010-05-29T13:00:00,HLY-TEMP-NORMAL,GHCND:USW00024233,C,641
2010-05-29T14:00:00,HLY-TEMP-NORMAL,GHCND:USW00024233,C,650
2010-05-29T15:00:00,HLY-TEMP-NORMAL,GHCND:USW00024233,C,654
2010-05-29T16:00:00,HLY-TEMP-NORMAL,GHCND:USW00024233,C,655
2010-05-29T17:00:00,HLY-TEMP-NORMAL,GHCND:USW00024233,C,648
2010-05-29T18:00:00,HLY-TEMP-NORMAL,GHCND:USW00024233,C,638
2010-05-29T19:00:00,HLY-TEMP-NORMAL,GHCND:USW00024233,C,618
2010-05-29T20:00:00,HLY-TEMP-NORMAL,GHCND:USW00024233,C,592
2010-05-29T21:00:00,HLY-TEMP-NORMAL,GHCND:USW00024233,C,576
2010-05-29T22:00:00,HLY-TEMP-NORMAL,GHCND:USW00024233,C,565
2010-05-29T23:00:00,HLY-TEMP-NORMAL,GHCND:USW00024233,C,554
2010-05-30T00:00:00,HLY-TEMP-NORMAL,GHCND:USW00024233,C,545
2010-05-30T01:00:00,HLY-TEMP-NORMAL,GHCND:USW00024233,C,536
2010-05-30T02:00:00,HLY-TEMP-NORMAL,GHCND:USW00024233,C,529
2010-05-30T03:00:00,HLY-TEMP-NORMAL,GHCND:USW00024233,C,522
2010-05-30T04:00:00,HLY-TEMP-NORMAL,GHCND:USW00024233,C,517
2010-05-30T05:00:00,HLY-TEMP-NORMAL,GHCND:USW00024233,C,516
2010-05-30T06:00:00,HLY-TEMP-NORMAL,GHCND:USW00024233,C,526
2010-05-30T07:00:00,HLY-TEMP-NORMAL,GHCND:USW00024233,C,540
2010-05-30T08:00:00,HLY-TEMP-NORMAL,GHCND:USW00024233,C,558
2010-05-30T09:00:00,HLY-TEMP-NORMAL,GHCND:USW00024233,C,575
2010-05-30T10:00:00,HLY-TEMP-NORMAL,GHCND:USW00024233,C,594
2010-05-30T11:00:00,HLY-TEMP-NORMAL,GHCND:USW00024233,C,611
2010-05-30T12:00:00,HLY-TEMP-NORMAL,GHCND:USW00024233,C,627
2010-05-30T13:00:00,HLY-TEMP-NORMAL,GHCND:USW00024233,C,641
2010-05-30T14:00:00,HLY-TEMP-NORMAL,GHCND:USW00024233,C,650
2010-05-30T15:00:00,HLY-TEMP-NORMAL,GHCND:USW00024233,C,655
2010-05-30T16:00:00,HLY-TEMP-NORMAL,GHCND:USW00024233,C,655
2010-05-30T17:00:00,HLY-TEMP-NORMAL,GHCND:USW00024233,C,649
2010-05-30T18:00:00,HLY-TEMP-NORMAL,GHCND:USW00024233,C,638
2010-05-30T19:00:00,HLY-TEMP-NORMAL,GHCND:USW00024233,C,618
2010-05-30T20:00:00,HLY-TEMP-NORMAL,GHCND:USW00024233,C,593
2010-05-30T21:00:00,HLY-TEMP-NORMAL,GHCND:USW00024233,C,576
2010-05-30T22:00:00,HLY-TEMP-NORMAL,GHCND:USW00024233,C,565
2010-05-30T23:00:00,HLY-TEMP-NORMAL,GHCND:USW00024233,C,555
2010-05-31T00:00:00,HLY-TEMP-NORMAL,GHCND:USW00024233,C,545
